ts,campaign,run,mode,phase,tsec,cpus,key,name,iperf_run,a,b,total,mark,cpu
2026-09-30T14:41:34,campaign_20260930_144134,1,2stage,1,3,1,496-240-204-190-154-112-100,def,1,949.0,930.0,1879.0,pass,
2026-09-30T14:41:34,campaign_20260930_144134,1,2stage,1,3,1,496-240-204-190-154-112-100,def,2,927.0,947.0,1874.0,pass,
2026-09-30T14:41:34,campaign_20260930_144134,1,2stage,1,3,1,496-240-204-190-154-112-100,def,3,546.0,549.0,1095.0,FAIL,
2026-09-30T14:41:34,campaign_20260930_144134,1,2stage,1,3,1,496-240-204-190-154-112-100,def,4,544.0,547.0,1091.0,FAIL,
2026-09-30T14:41:34,campaign_20260930_144134,1,2stage,1,3,1,496-240-204-190-154-112-100,def,5,542.0,551.0,1093.0,FAIL,
2026-09-30T14:41:34,campaign_20260930_144134,1,2stage,1,3,1,496-240-204-190-154-112-100,def,6,949.0,930.0,1879.0,pass,
2026-09-30T14:41:34,campaign_20260930_144134,1,2stage,1,3,1,496-240-204-190-154-112-100,def,7,652.0,562.0,1214.0,FAIL,
2026-09-30T14:41:34,campaign_20260930_144134,1,2stage,1,3,1,496-240-204-190-154-112-100,def,8,408.0,697.0,1105.0,FAIL,
2026-09-30T14:41:34,campaign_20260930_144134,1,2stage,1,3,1,496-240-204-190-154-112-100,def,9,931.0,949.0,1880.0,pass,
2026-09-30T14:41:34,campaign_20260930_144134,1,2stage,1,3,1,496-240-204-190-154-112-100,def,10,930.0,949.0,1879.0,pass,
2026-09-30T14:41:34,campaign_20260930_144134,1,2stage,1,3,1,480-440-400-420-380-180-140,ss440,1,931.0,949.0,1880.0,pass,
2026-09-30T14:41:34,campaign_20260930_144134,1,2stage,1,3,1,480-440-400-420-380-180-140,ss440,2,931.0,949.0,1880.0,pass,
2026-09-30T14:41:34,campaign_20260930_144134,1,2stage,1,3,1,480-440-400-420-380-180-140,ss440,3,756.0,666.0,1422.0,FAIL,
2026-09-30T14:41:34,campaign_20260930_144134,1,2stage,1,3,1,480-440-400-420-380-180-140,ss440,4,931.0,949.0,1880.0,pass,
2026-09-30T14:41:34,campaign_20260930_144134,1,2stage,1,3,1,480-440-400-420-380-180-140,ss440,5,624.0,711.0,1335.0,FAIL,
2026-09-30T14:41:34,campaign_20260930_144134,1,2stage,1,3,1,480-440-400-420-380-180-140,ss440,6,949.0,930.0,1879.0,pass,
2026-09-30T14:41:34,campaign_20260930_144134,1,2stage,1,3,1,480-440-400-420-380-180-140,ss440,7,930.0,949.0,1879.0,pass,
2026-09-30T14:41:34,campaign_20260930_144134,1,2stage,1,3,1,480-440-400-420-380-180-140,ss440,8,949.0,930.0,1879.0,pass,
2026-09-30T14:41:34,campaign_20260930_144134,1,2stage,1,3,1,480-440-400-420-380-180-140,ss440,9,949.0,929.0,1878.0,pass,
2026-09-30T14:41:34,campaign_20260930_144134,1,2stage,1,3,1,480-440-400-420-380-180-140,ss440,10,717.0,702.0,1419.0,FAIL,
2026-09-30T14:41:34,campaign_20260930_144134,1,2stage,1,3,1,480-440-400-300-260-180-140,s440,1,635.0,650.0,1285.0,FAIL,
2026-09-30T14:41:34,campaign_20260930_144134,1,2stage,1,3,1,480-440-400-300-260-180-140,s440,2,949.0,930.0,1879.0,pass,
2026-09-30T14:41:34,campaign_20260930_144134,1,2stage,1,3,1,480-440-400-300-260-180-140,s440,3,630.0,652.0,1282.0,FAIL,
2026-09-30T14:41:34,campaign_20260930_144134,1,2stage,1,3,1,480-440-400-300-260-180-140,s440,4,930.0,949.0,1879.0,pass,
2026-09-30T14:41:34,campaign_20260930_144134,1,2stage,1,3,1,480-440-400-300-260-180-140,s440,5,936.0,949.0,1885.0,pass,
2026-09-30T14:41:34,campaign_20260930_144134,1,2stage,1,3,1,480-440-400-300-260-180-140,s440,6,931.0,948.0,1879.0,pass,
2026-09-30T14:41:34,campaign_20260930_144134,1,2stage,1,3,1,480-440-400-300-260-180-140,s440,7,636.0,662.0,1298.0,FAIL,
2026-09-30T14:41:34,campaign_20260930_144134,1,2stage,1,3,1,480-440-400-300-260-180-140,s440,8,656.0,642.0,1298.0,FAIL,
2026-09-30T14:41:34,campaign_20260930_144134,1,2stage,1,3,1,480-440-400-300-260-180-140,s440,9,930.0,948.0,1878.0,pass,
2026-09-30T14:41:34,campaign_20260930_144134,1,2stage,1,3,1,480-440-400-300-260-180-140,s440,10,574.0,600.0,1174.0,FAIL,
2026-09-30T14:41:34,campaign_20260930_144134,1,2stage,1,3,1,496-340-300-320-280-180-140,L340,1,635.0,651.0,1286.0,FAIL,
2026-09-30T14:41:34,campaign_20260930_144134,1,2stage,1,3,1,496-340-300-320-280-180-140,L340,2,591.0,617.0,1208.0,FAIL,
2026-09-30T14:41:34,campaign_20260930_144134,1,2stage,1,3,1,496-340-300-320-280-180-140,L340,3,626.0,736.0,1362.0,FAIL,
2026-09-30T14:41:34,campaign_20260930_144134,1,2stage,1,3,1,496-340-300-320-280-180-140,L340,4,585.0,620.0,1205.0,FAIL,
2026-09-30T14:41:34,campaign_20260930_144134,1,2stage,1,3,1,496-340-300-320-280-180-140,L340,5,949.0,930.0,1879.0,pass,
2026-09-30T14:41:34,campaign_20260930_144134,1,2stage,1,3,1,496-340-300-320-280-180-140,L340,6,661.0,668.0,1329.0,FAIL,
2026-09-30T14:41:34,campaign_20260930_144134,1,2stage,1,3,1,496-340-300-320-280-180-140,L340,7,949.0,930.0,1879.0,pass,
2026-09-30T14:41:34,campaign_20260930_144134,1,2stage,1,3,1,496-340-300-320-280-180-140,L340,8,946.0,927.0,1873.0,pass,
2026-09-30T14:41:34,campaign_20260930_144134,1,2stage,1,3,1,496-340-300-320-280-180-140,L340,9,662.0,670.0,1332.0,FAIL,
2026-09-30T14:41:34,campaign_20260930_144134,1,2stage,1,3,1,496-340-300-320-280-180-140,L340,10,930.0,948.0,1878.0,pass,
2026-09-30T14:41:34,campaign_20260930_144134,1,2stage,1,3,1,496-360-320-340-300-180-140,L360,1,674.0,672.0,1346.0,FAIL,
2026-09-30T14:41:34,campaign_20260930_144134,1,2stage,1,3,1,496-360-320-340-300-180-140,L360,2,645.0,649.0,1294.0,FAIL,
2026-09-30T14:41:34,campaign_20260930_144134,1,2stage,1,3,1,496-360-320-340-300-180-140,L360,3,671.0,672.0,1343.0,FAIL,
2026-09-30T14:41:34,campaign_20260930_144134,1,2stage,1,3,1,496-360-320-340-300-180-140,L360,4,949.0,929.0,1878.0,pass,
2026-09-30T14:41:34,campaign_20260930_144134,1,2stage,1,3,1,496-360-320-340-300-180-140,L360,5,939.0,916.0,1855.0,pass,
2026-09-30T14:41:34,campaign_20260930_144134,1,2stage,1,3,1,496-360-320-340-300-180-140,L360,6,617.0,619.0,1236.0,FAIL,
2026-09-30T14:41:34,campaign_20260930_144134,1,2stage,1,3,1,496-360-320-340-300-180-140,L360,7,938.0,918.0,1856.0,pass,
2026-09-30T14:41:34,campaign_20260930_144134,1,2stage,1,3,1,496-360-320-340-300-180-140,L360,8,663.0,675.0,1338.0,FAIL,
2026-09-30T14:41:34,campaign_20260930_144134,1,2stage,1,3,1,496-360-320-340-300-180-140,L360,9,611.0,615.0,1226.0,FAIL,
2026-09-30T14:41:34,campaign_20260930_144134,1,2stage,1,3,1,496-360-320-340-300-180-140,L360,10,930.0,949.0,1879.0,pass,
2026-09-30T14:41:34,campaign_20260930_144134,1,2stage,1,3,1,496-380-340-360-320-180-140,L380,1,930.0,955.0,1885.0,pass,
2026-09-30T14:41:34,campaign_20260930_144134,1,2stage,1,3,1,496-380-340-360-320-180-140,L380,2,949.0,931.0,1880.0,pass,
2026-09-30T14:41:34,campaign_20260930_144134,1,2stage,1,3,1,496-380-340-360-320-180-140,L380,3,686.0,686.0,1372.0,FAIL,
2026-09-30T14:41:34,campaign_20260930_144134,1,2stage,1,3,1,496-380-340-360-320-180-140,L380,4,668.0,698.0,1366.0,FAIL,
2026-09-30T14:41:34,campaign_20260930_144134,1,2stage,1,3,1,496-380-340-360-320-180-140,L380,5,621.0,605.0,1226.0,FAIL,
2026-09-30T14:41:34,campaign_20260930_144134,1,2stage,1,3,1,496-380-340-360-320-180-140,L380,6,949.0,930.0,1879.0,pass,
2026-09-30T14:41:34,campaign_20260930_144134,1,2stage,1,3,1,496-380-340-360-320-180-140,L380,7,930.0,949.0,1879.0,pass,
2026-09-30T14:41:34,campaign_20260930_144134,1,2stage,1,3,1,496-380-340-360-320-180-140,L380,8,646.0,634.0,1280.0,FAIL,
2026-09-30T14:41:34,campaign_20260930_144134,1,2stage,1,3,1,496-380-340-360-320-180-140,L380,9,699.0,674.0,1373.0,FAIL,
2026-09-30T14:41:34,campaign_20260930_144134,1,2stage,1,3,1,496-380-340-360-320-180-140,L380,10,386.0,865.0,1251.0,FAIL,
2026-09-30T14:41:34,campaign_20260930_144134,1,2stage,1,3,1,496-400-360-380-340-180-140,L400,1,928.0,947.0,1875.0,pass,
2026-09-30T14:41:34,campaign_20260930_144134,1,2stage,1,3,1,496-400-360-380-340-180-140,L400,2,600.0,640.0,1240.0,FAIL,
2026-09-30T14:41:34,campaign_20260930_144134,1,2stage,1,3,1,496-400-360-380-340-180-140,L400,3,948.0,930.0,1878.0,pass,
2026-09-30T14:41:34,campaign_20260930_144134,1,2stage,1,3,1,496-400-360-380-340-180-140,L400,4,602.0,631.0,1233.0,FAIL,
2026-09-30T14:41:34,campaign_20260930_144134,1,2stage,1,3,1,496-400-360-380-340-180-140,L400,5,660.0,667.0,1327.0,FAIL,
2026-09-30T14:41:34,campaign_20260930_144134,1,2stage,1,3,1,496-400-360-380-340-180-140,L400,6,616.0,622.0,1238.0,FAIL,
2026-09-30T14:41:34,campaign_20260930_144134,1,2stage,1,3,1,496-400-360-380-340-180-140,L400,7,930.0,949.0,1879.0,pass,
2026-09-30T14:41:34,campaign_20260930_144134,1,2stage,1,3,1,496-400-360-380-340-180-140,L400,8,661.0,676.0,1337.0,FAIL,
2026-09-30T14:41:34,campaign_20260930_144134,1,2stage,1,3,1,496-400-360-380-340-180-140,L400,9,922.0,944.0,1866.0,pass,
2026-09-30T14:41:34,campaign_20260930_144134,1,2stage,1,3,1,496-400-360-380-340-180-140,L400,10,608.0,632.0,1240.0,FAIL,
2026-09-30T14:41:34,campaign_20260930_144134,1,2stage,1,3,1,496-420-380-400-360-180-140,L420,1,931.0,949.0,1880.0,pass,
2026-09-30T14:41:34,campaign_20260930_144134,1,2stage,1,3,1,496-420-380-400-360-180-140,L420,2,691.0,704.0,1395.0,FAIL,
2026-09-30T14:41:34,campaign_20260930_144134,1,2stage,1,3,1,496-420-380-400-360-180-140,L420,3,697.0,704.0,1401.0,FAIL,
2026-09-30T14:41:34,campaign_20260930_144134,1,2stage,1,3,1,496-420-380-400-360-180-140,L420,4,632.0,670.0,1302.0,FAIL,
2026-09-30T14:41:34,campaign_20260930_144134,1,2stage,1,3,1,496-420-380-400-360-180-140,L420,5,664.0,684.0,1348.0,FAIL,
2026-09-30T14:41:34,campaign_20260930_144134,1,2stage,1,3,1,496-420-380-400-360-180-140,L420,6,629.0,640.0,1269.0,FAIL,
2026-09-30T14:41:34,campaign_20260930_144134,1,2stage,1,3,1,496-420-380-400-360-180-140,L420,7,674.0,723.0,1397.0,FAIL,
2026-09-30T14:41:34,campaign_20260930_144134,1,2stage,1,3,1,496-420-380-400-360-180-140,L420,8,929.0,949.0,1878.0,pass,
2026-09-30T14:41:34,campaign_20260930_144134,1,2stage,1,3,1,496-420-380-400-360-180-140,L420,9,950.0,936.0,1886.0,pass,
2026-09-30T14:41:34,campaign_20260930_144134,1,2stage,1,3,1,496-420-380-400-360-180-140,L420,10,930.0,949.0,1879.0,pass,
2026-09-30T14:41:34,campaign_20260930_144134,1,2stage,1,3,1,496-440-400-420-380-180-140,L440,1,931.0,949.0,1880.0,pass,
2026-09-30T14:41:34,campaign_20260930_144134,1,2stage,1,3,1,496-440-400-420-380-180-140,L440,2,702.0,662.0,1364.0,FAIL,
2026-09-30T14:41:34,campaign_20260930_144134,1,2stage,1,3,1,496-440-400-420-380-180-140,L440,3,637.0,638.0,1275.0,FAIL,
2026-09-30T14:41:34,campaign_20260930_144134,1,2stage,1,3,1,496-440-400-420-380-180-140,L440,4,931.0,948.0,1879.0,pass,
2026-09-30T14:41:34,campaign_20260930_144134,1,2stage,1,3,1,496-440-400-420-380-180-140,L440,5,944.0,931.0,1875.0,pass,
2026-09-30T14:41:34,campaign_20260930_144134,1,2stage,1,3,1,496-440-400-420-380-180-140,L440,6,623.0,682.0,1305.0,FAIL,
2026-09-30T14:41:34,campaign_20260930_144134,1,2stage,1,3,1,496-440-400-420-380-180-140,L440,7,930.0,949.0,1879.0,pass,
2026-09-30T14:41:34,campaign_20260930_144134,1,2stage,1,3,1,496-440-400-420-380-180-140,L440,8,930.0,949.0,1879.0,pass,
2026-09-30T14:41:34,campaign_20260930_144134,1,2stage,1,3,1,496-440-400-420-380-180-140,L440,9,949.0,930.0,1879.0,pass,
2026-09-30T14:41:34,campaign_20260930_144134,1,2stage,1,3,1,496-440-400-420-380-180-140,L440,10,949.0,930.0,1879.0,pass,
2026-09-30T14:41:34,campaign_20260930_144134,1,2stage,1,3,1,496-460-420-440-400-180-140,L460,1,929.0,949.0,1878.0,pass,
2026-09-30T14:41:34,campaign_20260930_144134,1,2stage,1,3,1,496-460-420-440-400-180-140,L460,2,949.0,930.0,1879.0,pass,
2026-09-30T14:41:34,campaign_20260930_144134,1,2stage,1,3,1,496-460-420-440-400-180-140,L460,3,949.0,930.0,1879.0,pass,
2026-09-30T14:41:34,campaign_20260930_144134,1,2stage,1,3,1,496-460-420-440-400-180-140,L460,4,947.0,928.0,1875.0,pass,
2026-09-30T14:41:34,campaign_20260930_144134,1,2stage,1,3,1,496-460-420-440-400-180-140,L460,5,931.0,949.0,1880.0,pass,
2026-09-30T14:41:34,campaign_20260930_144134,1,2stage,1,3,1,496-460-420-440-400-180-140,L460,6,949.0,930.0,1879.0,pass,
2026-09-30T14:41:34,campaign_20260930_144134,1,2stage,1,3,1,496-460-420-440-400-180-140,L460,7,931.0,950.0,1881.0,pass,
2026-09-30T14:41:34,campaign_20260930_144134,1,2stage,1,3,1,496-460-420-440-400-180-140,L460,8,607.0,697.0,1304.0,FAIL,
2026-09-30T14:41:34,campaign_20260930_144134,1,2stage,1,3,1,496-460-420-440-400-180-140,L460,9,697.0,745.0,1442.0,FAIL,
2026-09-30T14:41:34,campaign_20260930_144134,1,2stage,1,3,1,496-460-420-440-400-180-140,L460,10,652.0,653.0,1305.0,FAIL,
2026-09-30T14:41:34,campaign_20260930_144134,1,2stage,1,3,1,496-480-440-460-420-180-140,L480,1,721.0,686.0,1407.0,FAIL,
2026-09-30T14:41:34,campaign_20260930_144134,1,2stage,1,3,1,496-480-440-460-420-180-140,L480,2,545.0,507.0,1052.0,FAIL,
2026-09-30T14:41:34,campaign_20260930_144134,1,2stage,1,3,1,496-480-440-460-420-180-140,L480,3,551.0,470.0,1021.0,FAIL,
2026-09-30T14:41:34,campaign_20260930_144134,1,2stage,1,3,1,496-480-440-460-420-180-140,L480,4,628.0,745.0,1373.0,FAIL,
2026-09-30T14:41:34,campaign_20260930_144134,1,2stage,1,3,1,496-480-440-460-420-180-140,L480,5,639.0,734.0,1373.0,FAIL,
2026-09-30T14:41:34,campaign_20260930_144134,1,2stage,1,3,1,496-480-440-460-420-180-140,L480,6,724.0,648.0,1372.0,FAIL,
2026-09-30T14:41:34,campaign_20260930_144134,1,2stage,1,3,1,496-480-440-460-420-180-140,L480,7,610.0,705.0,1315.0,FAIL,
2026-09-30T14:41:34,campaign_20260930_144134,1,2stage,1,3,1,496-480-440-460-420-180-140,L480,8,565.0,480.0,1045.0,FAIL,
2026-09-30T14:41:34,campaign_20260930_144134,1,2stage,1,3,1,496-480-440-460-420-180-140,L480,9,562.0,446.0,1008.0,FAIL,
2026-09-30T14:41:34,campaign_20260930_144134,1,2stage,1,3,1,496-480-440-460-420-180-140,L480,10,667.0,545.0,1212.0,FAIL,
2026-09-30T14:41:34,campaign_20260930_144134,4,2stage,1,3,1,560-520-480-500-460-180-140,L520p560,1,413.0,488.0,901.0,FAIL,
2026-09-30T14:41:34,campaign_20260930_144134,4,2stage,1,3,1,560-520-480-500-460-180-140,L520p560,2,373.0,533.0,906.0,FAIL,
2026-09-30T14:41:34,campaign_20260930_144134,4,2stage,1,3,1,560-520-480-500-460-180-140,L520p560,3,892.0,874.0,1766.0,pass,
2026-09-30T14:41:34,campaign_20260930_144134,4,2stage,1,3,1,560-520-480-500-460-180-140,L520p560,4,873.0,897.0,1770.0,pass,
2026-09-30T14:41:34,campaign_20260930_144134,4,2stage,1,3,1,560-520-480-500-460-180-140,L520p560,5,873.0,890.0,1763.0,pass,
2026-09-30T14:41:34,campaign_20260930_144134,4,2stage,1,3,1,560-520-480-500-460-180-140,L520p560,6,392.0,534.0,926.0,FAIL,
2026-09-30T14:41:34,campaign_20260930_144134,4,2stage,1,3,1,560-520-480-500-460-180-140,L520p560,7,872.0,890.0,1762.0,pass,
2026-09-30T14:41:34,campaign_20260930_144134,4,2stage,1,3,1,560-520-480-500-460-180-140,L520p560,8,891.0,874.0,1765.0,pass,
2026-09-30T14:41:34,campaign_20260930_144134,4,2stage,1,3,1,560-520-480-500-460-180-140,L520p560,9,414.0,499.0,913.0,FAIL,
2026-09-30T14:41:34,campaign_20260930_144134,4,2stage,1,3,1,560-520-480-500-460-180-140,L520p560,10,892.0,874.0,1766.0,pass,
2026-09-30T14:41:34,campaign_20260930_144134,4,2stage,1,3,1,560-540-500-520-480-180-140,L540p560,1,872.0,891.0,1763.0,pass,
2026-09-30T14:41:34,campaign_20260930_144134,4,2stage,1,3,1,560-540-500-520-480-180-140,L540p560,2,873.0,891.0,1764.0,pass,
2026-09-30T14:41:34,campaign_20260930_144134,4,2stage,1,3,1,560-540-500-520-480-180-140,L540p560,3,491.0,422.0,913.0,FAIL,
2026-09-30T14:41:34,campaign_20260930_144134,4,2stage,1,3,1,560-540-500-520-480-180-140,L540p560,4,412.0,504.0,916.0,FAIL,
2026-09-30T14:41:34,campaign_20260930_144134,4,2stage,1,3,1,560-540-500-520-480-180-140,L540p560,5,889.0,870.0,1759.0,pass,
2026-09-30T14:41:34,campaign_20260930_144134,4,2stage,1,3,1,560-540-500-520-480-180-140,L540p560,6,419.0,492.0,911.0,FAIL,
2026-09-30T14:41:34,campaign_20260930_144134,4,2stage,1,3,1,560-540-500-520-480-180-140,L540p560,7,871.0,890.0,1761.0,pass,
2026-09-30T14:41:34,campaign_20260930_144134,4,2stage,1,3,1,560-540-500-520-480-180-140,L540p560,8,886.0,862.0,1748.0,pass,
2026-09-30T14:41:34,campaign_20260930_144134,4,2stage,1,3,1,560-540-500-520-480-180-140,L540p560,9,389.0,511.0,900.0,FAIL,
2026-09-30T14:41:34,campaign_20260930_144134,4,2stage,1,3,1,560-540-500-520-480-180-140,L540p560,10,853.0,869.0,1722.0,pass,
2026-09-30T14:41:34,campaign_20260930_144134,4,2stage,1,3,1,496-440-420-420-400-180-140,g20,1,608.0,672.0,1280.0,FAIL,
2026-09-30T14:41:34,campaign_20260930_144134,4,2stage,1,3,1,496-440-420-420-400-180-140,g20,2,610.0,675.0,1285.0,FAIL,
2026-09-30T14:41:34,campaign_20260930_144134,4,2stage,1,3,1,496-440-420-420-400-180-140,g20,3,645.0,643.0,1288.0,FAIL,
2026-09-30T14:41:34,campaign_20260930_144134,4,2stage,1,3,1,496-440-420-420-400-180-140,g20,4,615.0,668.0,1283.0,FAIL,
2026-09-30T14:41:34,campaign_20260930_144134,4,2stage,1,3,1,496-440-420-420-400-180-140,g20,5,729.0,721.0,1450.0,FAIL,
2026-09-30T14:41:34,campaign_20260930_144134,4,2stage,1,3,1,496-440-420-420-400-180-140,g20,6,718.0,711.0,1429.0,FAIL,
2026-09-30T14:41:34,campaign_20260930_144134,4,2stage,1,3,1,496-440-420-420-400-180-140,g20,7,579.0,741.0,1320.0,FAIL,
2026-09-30T14:41:34,campaign_20260930_144134,4,2stage,1,3,1,496-440-420-420-400-180-140,g20,8,939.0,915.0,1854.0,pass,
2026-09-30T14:41:34,campaign_20260930_144134,4,2stage,1,3,1,496-440-420-420-400-180-140,g20,9,725.0,707.0,1432.0,FAIL,
2026-09-30T14:41:34,campaign_20260930_144134,4,2stage,1,3,1,496-440-420-420-400-180-140,g20,10,474.0,815.0,1289.0,FAIL,
2026-09-30T14:41:34,campaign_20260930_144134,4,2stage,1,3,1,496-440-410-420-390-180-140,g30,1,927.0,947.0,1874.0,pass,
2026-09-30T14:41:34,campaign_20260930_144134,4,2stage,1,3,1,496-440-410-420-390-180-140,g30,2,949.0,931.0,1880.0,pass,
2026-09-30T14:41:34,campaign_20260930_144134,4,2stage,1,3,1,496-440-410-420-390-180-140,g30,3,949.0,931.0,1880.0,pass,
2026-09-30T14:41:34,campaign_20260930_144134,4,2stage,1,3,1,496-440-410-420-390-180-140,g30,4,928.0,946.0,1874.0,pass,
2026-09-30T14:41:34,campaign_20260930_144134,4,2stage,1,3,1,496-440-410-420-390-180-140,g30,5,744.0,674.0,1418.0,FAIL,
2026-09-30T14:41:34,campaign_20260930_144134,4,2stage,1,3,1,496-440-410-420-390-180-140,g30,6,930.0,949.0,1879.0,pass,
2026-09-30T14:41:34,campaign_20260930_144134,4,2stage,1,3,1,496-440-410-420-390-180-140,g30,7,696.0,728.0,1424.0,FAIL,
2026-09-30T14:41:34,campaign_20260930_144134,4,2stage,1,3,1,496-440-410-420-390-180-140,g30,8,650.0,630.0,1280.0,FAIL,
2026-09-30T14:41:34,campaign_20260930_144134,4,2stage,1,3,1,496-440-410-420-390-180-140,g30,9,949.0,929.0,1878.0,pass,
2026-09-30T14:41:34,campaign_20260930_144134,4,2stage,1,3,1,496-440-410-420-390-180-140,g30,10,647.0,623.0,1270.0,FAIL,
2026-09-30T14:41:34,campaign_20260930_144134,4,2stage,1,3,1,496-440-380-420-360-180-140,g60,1,684.0,720.0,1404.0,FAIL,
2026-09-30T14:41:34,campaign_20260930_144134,4,2stage,1,3,1,496-440-380-420-360-180-140,g60,2,945.0,925.0,1870.0,pass,
2026-09-30T14:41:34,campaign_20260930_144134,4,2stage,1,3,1,496-440-380-420-360-180-140,g60,3,948.0,931.0,1879.0,pass,
2026-09-30T14:41:34,campaign_20260930_144134,4,2stage,1,3,1,496-440-380-420-360-180-140,g60,4,949.0,931.0,1880.0,pass,
2026-09-30T14:41:34,campaign_20260930_144134,4,2stage,1,3,1,496-440-380-420-360-180-140,g60,5,652.0,767.0,1419.0,FAIL,
2026-09-30T14:41:34,campaign_20260930_144134,4,2stage,1,3,1,496-440-380-420-360-180-140,g60,6,679.0,723.0,1402.0,FAIL,
2026-09-30T14:41:34,campaign_20260930_144134,4,2stage,1,3,1,496-440-380-420-360-180-140,g60,7,666.0,737.0,1403.0,FAIL,
2026-09-30T14:41:34,campaign_20260930_144134,4,2stage,1,3,1,496-440-380-420-360-180-140,g60,8,949.0,931.0,1880.0,pass,
2026-09-30T14:41:34,campaign_20260930_144134,4,2stage,1,3,1,496-440-380-420-360-180-140,g60,9,688.0,720.0,1408.0,FAIL,
2026-09-30T14:41:34,campaign_20260930_144134,4,2stage,1,3,1,496-440-380-420-360-180-140,g60,10,949.0,930.0,1879.0,pass,
2026-09-30T14:41:34,campaign_20260930_144134,4,2stage,1,3,1,496-440-360-420-340-180-140,g80,1,930.0,949.0,1879.0,pass,
2026-09-30T14:41:34,campaign_20260930_144134,4,2stage,1,3,1,496-440-360-420-340-180-140,g80,2,618.0,629.0,1247.0,FAIL,
2026-09-30T14:41:34,campaign_20260930_144134,4,2stage,1,3,1,496-440-360-420-340-180-140,g80,3,678.0,687.0,1365.0,FAIL,
2026-09-30T14:41:34,campaign_20260930_144134,4,2stage,1,3,1,496-440-360-420-340-180-140,g80,4,930.0,950.0,1880.0,pass,
2026-09-30T14:41:34,campaign_20260930_144134,4,2stage,1,3,1,496-440-360-420-340-180-140,g80,5,930.0,949.0,1879.0,pass,
2026-09-30T14:41:34,campaign_20260930_144134,4,2stage,1,3,1,496-440-360-420-340-180-140,g80,6,627.0,645.0,1272.0,FAIL,
2026-09-30T14:41:34,campaign_20260930_144134,4,2stage,1,3,1,496-440-360-420-340-180-140,g80,7,926.0,949.0,1875.0,pass,
2026-09-30T14:41:34,campaign_20260930_144134,4,2stage,1,3,1,496-440-360-420-340-180-140,g80,8,723.0,692.0,1415.0,FAIL,
2026-09-30T14:41:34,campaign_20260930_144134,4,2stage,1,3,1,496-440-360-420-340-180-140,g80,9,949.0,929.0,1878.0,pass,
2026-09-30T14:41:34,campaign_20260930_144134,4,2stage,1,3,1,496-440-360-420-340-180-140,g80,10,949.0,931.0,1880.0,pass,
2026-09-30T14:41:34,campaign_20260930_144134,4,2stage,1,3,1,496-440-340-420-320-180-140,g100,1,931.0,949.0,1880.0,pass,
2026-09-30T14:41:34,campaign_20260930_144134,4,2stage,1,3,1,496-440-340-420-320-180-140,g100,2,930.0,949.0,1879.0,pass,
2026-09-30T14:41:34,campaign_20260930_144134,4,2stage,1,3,1,496-440-340-420-320-180-140,g100,3,687.0,679.0,1366.0,FAIL,
2026-09-30T14:41:34,campaign_20260930_144134,4,2stage,1,3,1,496-440-340-420-320-180-140,g100,4,930.0,950.0,1880.0,pass,
2026-09-30T14:41:34,campaign_20260930_144134,4,2stage,1,3,1,496-440-340-420-320-180-140,g100,5,921.0,938.0,1859.0,pass,
2026-09-30T14:41:34,campaign_20260930_144134,4,2stage,1,3,1,496-440-340-420-320-180-140,g100,6,573.0,669.0,1242.0,FAIL,
2026-09-30T14:41:34,campaign_20260930_144134,4,2stage,1,3,1,496-440-340-420-320-180-140,g100,7,948.0,931.0,1879.0,pass,
2026-09-30T14:41:34,campaign_20260930_144134,4,2stage,1,3,1,496-440-340-420-320-180-140,g100,8,947.0,923.0,1870.0,pass,
2026-09-30T14:41:34,campaign_20260930_144134,4,2stage,1,3,1,496-440-340-420-320-180-140,g100,9,930.0,908.0,1838.0,pass,
2026-09-30T14:41:34,campaign_20260930_144134,4,2stage,1,3,1,496-440-340-420-320-180-140,g100,10,949.0,930.0,1879.0,pass,
2026-09-30T14:41:34,campaign_20260930_144134,4,2stage,1,3,1,496-440-400-380-340-180-140,a_s440h380,1,927.0,945.0,1872.0,pass,
2026-09-30T14:41:34,campaign_20260930_144134,4,2stage,1,3,1,496-440-400-380-340-180-140,a_s440h380,2,930.0,949.0,1879.0,pass,
2026-09-30T14:41:34,campaign_20260930_144134,4,2stage,1,3,1,496-440-400-380-340-180-140,a_s440h380,3,650.0,654.0,1304.0,FAIL,
2026-09-30T14:41:34,campaign_20260930_144134,4,2stage,1,3,1,496-440-400-380-340-180-140,a_s440h380,4,930.0,949.0,1879.0,pass,
2026-09-30T14:41:34,campaign_20260930_144134,4,2stage,1,3,1,496-440-400-380-340-180-140,a_s440h380,5,949.0,931.0,1880.0,pass,
2026-09-30T14:41:34,campaign_20260930_144134,4,2stage,1,3,1,496-440-400-380-340-180-140,a_s440h380,6,926.0,897.0,1823.0,pass,
2026-09-30T14:41:34,campaign_20260930_144134,4,2stage,1,3,1,496-440-400-380-340-180-140,a_s440h380,7,930.0,949.0,1879.0,pass,
2026-09-30T14:41:34,campaign_20260930_144134,4,2stage,1,3,1,496-440-400-380-340-180-140,a_s440h380,8,692.0,693.0,1385.0,FAIL,
2026-09-30T14:41:34,campaign_20260930_144134,4,2stage,1,3,1,496-440-400-380-340-180-140,a_s440h380,9,931.0,949.0,1880.0,pass,
2026-09-30T14:41:34,campaign_20260930_144134,4,2stage,1,3,1,496-440-400-380-340-180-140,a_s440h380,10,634.0,603.0,1237.0,FAIL,
2026-09-30T14:41:34,campaign_20260930_144134,4,2stage,1,3,1,496-440-400-340-300-180-140,a_s440h340,1,931.0,949.0,1880.0,pass,
2026-09-30T14:41:34,campaign_20260930_144134,4,2stage,1,3,1,496-440-400-340-300-180-140,a_s440h340,2,658.0,689.0,1347.0,FAIL,
2026-09-30T14:41:34,campaign_20260930_144134,4,2stage,1,3,1,496-440-400-340-300-180-140,a_s440h340,3,602.0,605.0,1207.0,FAIL,
2026-09-30T14:41:34,campaign_20260930_144134,4,2stage,1,3,1,496-440-400-340-300-180-140,a_s440h340,4,668.0,659.0,1327.0,FAIL,
2026-09-30T14:41:34,campaign_20260930_144134,4,2stage,1,3,1,496-440-400-340-300-180-140,a_s440h340,5,948.0,929.0,1877.0,pass,
2026-09-30T14:41:34,campaign_20260930_144134,4,2stage,1,3,1,496-440-400-340-300-180-140,a_s440h340,6,931.0,948.0,1879.0,pass,
2026-09-30T14:41:34,campaign_20260930_144134,4,2stage,1,3,1,496-440-400-340-300-180-140,a_s440h340,7,604.0,672.0,1276.0,FAIL,
2026-09-30T14:41:34,campaign_20260930_144134,4,2stage,1,3,1,496-440-400-340-300-180-140,a_s440h340,8,656.0,652.0,1308.0,FAIL,
2026-09-30T14:41:34,campaign_20260930_144134,4,2stage,1,3,1,496-440-400-340-300-180-140,a_s440h340,9,589.0,619.0,1208.0,FAIL,
2026-09-30T14:41:34,campaign_20260930_144134,4,2stage,1,3,1,496-440-400-340-300-180-140,a_s440h340,10,949.0,930.0,1879.0,pass,
2026-09-30T14:41:34,campaign_20260930_144134,4,2stage,1,3,1,496-400-360-420-380-180-140,a_s400h420,1,622.0,647.0,1269.0,FAIL,
2026-09-30T14:41:34,campaign_20260930_144134,4,2stage,1,3,1,496-400-360-420-380-180-140,a_s400h420,2,645.0,618.0,1263.0,FAIL,
2026-09-30T14:41:34,campaign_20260930_144134,4,2stage,1,3,1,496-400-360-420-380-180-140,a_s400h420,3,673.0,719.0,1392.0,FAIL,
2026-09-30T14:41:34,campaign_20260930_144134,4,2stage,1,3,1,496-400-360-420-380-180-140,a_s400h420,4,622.0,641.0,1263.0,FAIL,
2026-09-30T14:41:34,campaign_20260930_144134,4,2stage,1,3,1,496-400-360-420-380-180-140,a_s400h420,5,956.0,930.0,1886.0,pass,
2026-09-30T14:41:34,campaign_20260930_144134,4,2stage,1,3,1,496-400-360-420-380-180-140,a_s400h420,6,930.0,949.0,1879.0,pass,
2026-09-30T14:41:34,campaign_20260930_144134,4,2stage,1,3,1,496-400-360-420-380-180-140,a_s400h420,7,956.0,930.0,1886.0,pass,
2026-09-30T14:41:34,campaign_20260930_144134,4,2stage,1,3,1,496-400-360-420-380-180-140,a_s400h420,8,955.0,930.0,1885.0,pass,
2026-09-30T14:41:34,campaign_20260930_144134,4,2stage,1,3,1,496-400-360-420-380-180-140,a_s400h420,9,681.0,713.0,1394.0,FAIL,
2026-09-30T14:41:34,campaign_20260930_144134,4,2stage,1,3,1,496-400-360-420-380-180-140,a_s400h420,10,949.0,931.0,1880.0,pass,
2026-09-30T14:41:34,campaign_20260930_144134,4,2stage,1,3,1,496-360-320-420-380-180-140,a_s360h420,1,949.0,930.0,1879.0,pass,
2026-09-30T14:41:34,campaign_20260930_144134,4,2stage,1,3,1,496-360-320-420-380-180-140,a_s360h420,2,948.0,930.0,1878.0,pass,
2026-09-30T14:41:34,campaign_20260930_144134,4,2stage,1,3,1,496-360-320-420-380-180-140,a_s360h420,3,616.0,613.0,1229.0,FAIL,
2026-09-30T14:41:34,campaign_20260930_144134,4,2stage,1,3,1,496-360-320-420-380-180-140,a_s360h420,4,930.0,949.0,1879.0,pass,
2026-09-30T14:41:34,campaign_20260930_144134,4,2stage,1,3,1,496-360-320-420-380-180-140,a_s360h420,5,949.0,930.0,1879.0,pass,
2026-09-30T14:41:34,campaign_20260930_144134,4,2stage,1,3,1,496-360-320-420-380-180-140,a_s360h420,6,927.0,945.0,1872.0,pass,
2026-09-30T14:41:34,campaign_20260930_144134,4,2stage,1,3,1,496-360-320-420-380-180-140,a_s360h420,7,688.0,683.0,1371.0,FAIL,
2026-09-30T14:41:34,campaign_20260930_144134,4,2stage,1,3,1,496-360-320-420-380-180-140,a_s360h420,8,668.0,705.0,1373.0,FAIL,
2026-09-30T14:41:34,campaign_20260930_144134,4,2stage,1,3,1,496-360-320-420-380-180-140,a_s360h420,9,927.0,946.0,1873.0,pass,
2026-09-30T14:41:34,campaign_20260930_144134,4,2stage,1,3,1,496-360-320-420-380-180-140,a_s360h420,10,600.0,629.0,1229.0,FAIL,
2026-09-30T14:41:34,campaign_20260930_144134,4,2stage,1,3,1,496-480-440-420-380-180-140,a_s480h420,1,674.0,730.0,1404.0,FAIL,
2026-09-30T14:41:34,campaign_20260930_144134,4,2stage,1,3,1,496-480-440-420-380-180-140,a_s480h420,2,949.0,930.0,1879.0,pass,
2026-09-30T14:41:34,campaign_20260930_144134,4,2stage,1,3,1,496-480-440-420-380-180-140,a_s480h420,3,949.0,930.0,1879.0,pass,
2026-09-30T14:41:34,campaign_20260930_144134,4,2stage,1,3,1,496-480-440-420-380-180-140,a_s480h420,4,634.0,643.0,1277.0,FAIL,
2026-09-30T14:41:34,campaign_20260930_144134,4,2stage,1,3,1,496-480-440-420-380-180-140,a_s480h420,5,949.0,931.0,1880.0,pass,
2026-09-30T14:41:34,campaign_20260930_144134,4,2stage,1,3,1,496-480-440-420-380-180-140,a_s480h420,6,493.0,791.0,1284.0,FAIL,
2026-09-30T14:41:34,campaign_20260930_144134,4,2stage,1,3,1,496-480-440-420-380-180-140,a_s480h420,7,660.0,617.0,1277.0,FAIL,
2026-09-30T14:41:34,campaign_20260930_144134,4,2stage,1,3,1,496-480-440-420-380-180-140,a_s480h420,8,930.0,949.0,1879.0,pass,
2026-09-30T14:41:34,campaign_20260930_144134,4,2stage,1,3,1,496-480-440-420-380-180-140,a_s480h420,9,946.0,928.0,1874.0,pass,
2026-09-30T14:41:34,campaign_20260930_144134,4,2stage,1,3,1,496-480-440-420-380-180-140,a_s480h420,10,626.0,653.0,1279.0,FAIL,
2026-09-30T14:41:34,campaign_20260930_144134,5,2stage,1,3,1,460-440-400-420-380-180-140,pa460,1,625.0,653.0,1278.0,FAIL,3
2026-09-30T14:41:34,campaign_20260930_144134,5,2stage,1,3,1,460-440-400-420-380-180-140,pa460,2,742.0,670.0,1412.0,FAIL,4
2026-09-30T14:41:34,campaign_20260930_144134,5,2stage,1,3,1,460-440-400-420-380-180-140,pa460,3,617.0,673.0,1290.0,FAIL,3
2026-09-30T14:41:34,campaign_20260930_144134,5,2stage,1,3,1,460-440-400-420-380-180-140,pa460,4,652.0,797.0,1449.0,FAIL,3
2026-09-30T14:41:34,campaign_20260930_144134,5,2stage,1,3,1,460-440-400-420-380-180-140,pa460,5,603.0,673.0,1276.0,FAIL,3
2026-09-30T14:41:34,campaign_20260930_144134,5,2stage,1,3,1,460-440-400-420-380-180-140,pa460,6,939.0,921.0,1860.0,pass,5
2026-09-30T14:41:34,campaign_20260930_144134,5,2stage,1,3,1,460-440-400-420-380-180-140,pa460,7,921.0,937.0,1858.0,pass,5
2026-09-30T14:41:34,campaign_20260930_144134,5,2stage,1,3,1,460-440-400-420-380-180-140,pa460,8,645.0,779.0,1424.0,FAIL,4
2026-09-30T14:41:34,campaign_20260930_144134,5,2stage,1,3,1,460-440-400-420-380-180-140,pa460,9,703.0,715.0,1418.0,FAIL,4
2026-09-30T14:41:34,campaign_20260930_144134,5,2stage,1,3,1,460-440-400-420-380-180-140,pa460,10,610.0,672.0,1282.0,FAIL,4
2026-09-30T14:41:34,campaign_20260930_144134,6,2stage,1,3,1,540-440-400-420-380-180-140,pa540,1,537.0,388.0,925.0,FAIL,26
2026-09-30T14:41:34,campaign_20260930_144134,6,2stage,1,3,1,540-440-400-420-380-180-140,pa540,2,628.0,294.0,922.0,FAIL,23
2026-09-30T14:41:34,campaign_20260930_144134,6,2stage,1,3,1,540-440-400-420-380-180-140,pa540,3,459.0,464.0,923.0,FAIL,25
2026-09-30T14:41:34,campaign_20260930_144134,6,2stage,1,3,1,540-440-400-420-380-180-140,pa540,4,456.0,468.0,924.0,FAIL,24
2026-09-30T14:41:34,campaign_20260930_144134,6,2stage,1,3,1,540-440-400-420-380-180-140,pa540,5,752.0,712.0,1464.0,FAIL,93
2026-09-30T14:41:34,campaign_20260930_144134,6,2stage,1,3,1,540-440-400-420-380-180-140,pa540,6,484.0,440.0,924.0,FAIL,26
2026-09-30T14:41:34,campaign_20260930_144134,6,2stage,1,3,1,540-440-400-420-380-180-140,pa540,7,749.0,717.0,1466.0,FAIL,92
2026-09-30T14:41:34,campaign_20260930_144134,6,2stage,1,3,1,540-440-400-420-380-180-140,pa540,8,740.0,715.0,1455.0,FAIL,95
2026-09-30T14:41:34,campaign_20260930_144134,6,2stage,1,3,1,540-440-400-420-380-180-140,pa540,9,694.0,760.0,1454.0,FAIL,94
2026-09-30T14:41:34,campaign_20260930_144134,6,2stage,1,3,1,540-440-400-420-380-180-140,pa540,10,291.0,637.0,928.0,FAIL,23
2026-09-30T14:41:34,campaign_20260930_144134,6,2stage,1,3,1,600-440-400-420-380-180-140,pa600,1,714.0,587.0,1301.0,FAIL,74
2026-09-30T14:41:34,campaign_20260930_144134,6,2stage,1,3,1,600-440-400-420-380-180-140,pa600,2,759.0,740.0,1499.0,FAIL,95
2026-09-30T14:41:34,campaign_20260930_144134,6,2stage,1,3,1,600-440-400-420-380-180-140,pa600,3,710.0,773.0,1483.0,FAIL,96
2026-09-30T14:41:34,campaign_20260930_144134,6,2stage,1,3,1,600-440-400-420-380-180-140,pa600,4,479.0,498.0,977.0,FAIL,24
2026-09-30T14:41:34,campaign_20260930_144134,6,2stage,1,3,1,600-440-400-420-380-180-140,pa600,5,737.0,742.0,1479.0,FAIL,93
2026-09-30T14:41:34,campaign_20260930_144134,6,2stage,1,3,1,600-440-400-420-380-180-140,pa600,6,481.0,497.0,978.0,FAIL,23
2026-09-30T14:41:34,campaign_20260930_144134,6,2stage,1,3,1,600-440-400-420-380-180-140,pa600,7,459.0,517.0,976.0,FAIL,21
2026-09-30T14:41:34,campaign_20260930_144134,6,2stage,1,3,1,600-440-400-420-380-180-140,pa600,8,735.0,751.0,1486.0,FAIL,95
2026-09-30T14:41:34,campaign_20260930_144134,6,2stage,1,3,1,600-440-400-420-380-180-140,pa600,9,739.0,737.0,1476.0,FAIL,94
2026-09-30T14:41:34,campaign_20260930_144134,6,2stage,1,3,1,600-440-400-420-380-180-140,pa600,10,817.0,483.0,1300.0,FAIL,75
2026-09-30T14:41:34,campaign_20260930_144134,6,2stage,1,3,1,496-440-400-420-380-112-72,pt112,1,949.0,930.0,1879.0,pass,8
2026-09-30T14:41:34,campaign_20260930_144134,6,2stage,1,3,1,496-440-400-420-380-112-72,pt112,2,930.0,949.0,1879.0,pass,8
2026-09-30T14:41:34,campaign_20260930_144134,6,2stage,1,3,1,496-440-400-420-380-112-72,pt112,3,659.0,759.0,1418.0,FAIL,7
2026-09-30T14:41:34,campaign_20260930_144134,6,2stage,1,3,1,496-440-400-420-380-112-72,pt112,4,949.0,931.0,1880.0,pass,8
2026-09-30T14:41:34,campaign_20260930_144134,6,2stage,1,3,1,496-440-400-420-380-112-72,pt112,5,644.0,645.0,1289.0,FAIL,7
2026-09-30T14:41:34,campaign_20260930_144134,6,2stage,1,3,1,496-440-400-420-380-112-72,pt112,6,646.0,641.0,1287.0,FAIL,6
2026-09-30T14:41:34,campaign_20260930_144134,6,2stage,1,3,1,496-440-400-420-380-112-72,pt112,7,648.0,769.0,1417.0,FAIL,7
2026-09-30T14:41:34,campaign_20260930_144134,6,2stage,1,3,1,496-440-400-420-380-112-72,pt112,8,634.0,650.0,1284.0,FAIL,6
2026-09-30T14:41:34,campaign_20260930_144134,6,2stage,1,3,1,496-440-400-420-380-112-72,pt112,9,667.0,747.0,1414.0,FAIL,7
2026-09-30T14:41:34,campaign_20260930_144134,6,2stage,1,3,1,496-440-400-420-380-112-72,pt112,10,747.0,665.0,1412.0,FAIL,7
2026-09-30T14:41:34,campaign_20260930_144134,6,2stage,1,3,1,496-440-400-420-380-240-200,pt240,1,879.0,458.0,1337.0,FAIL,6
2026-09-30T14:41:34,campaign_20260930_144134,6,2stage,1,3,1,496-440-400-420-380-240-200,pt240,2,929.0,949.0,1878.0,pass,8
2026-09-30T14:41:34,campaign_20260930_144134,6,2stage,1,3,1,496-440-400-420-380-240-200,pt240,3,659.0,757.0,1416.0,FAIL,7
2026-09-30T14:41:34,campaign_20260930_144134,6,2stage,1,3,1,496-440-400-420-380-240-200,pt240,4,675.0,740.0,1415.0,FAIL,7
2026-09-30T14:41:34,campaign_20260930_144134,6,2stage,1,3,1,496-440-400-420-380-240-200,pt240,5,949.0,931.0,1880.0,pass,8
2026-09-30T14:41:34,campaign_20260930_144134,6,2stage,1,3,1,496-440-400-420-380-240-200,pt240,6,930.0,949.0,1879.0,pass,8
2026-09-30T14:41:34,campaign_20260930_144134,6,2stage,1,3,1,496-440-400-420-380-240-200,pt240,7,749.0,665.0,1414.0,FAIL,6
2026-09-30T14:41:34,campaign_20260930_144134,6,2stage,1,3,1,496-440-400-420-380-240-200,pt240,8,726.0,692.0,1418.0,FAIL,6
2026-09-30T14:41:34,campaign_20260930_144134,6,2stage,1,3,1,496-440-400-420-380-240-200,pt240,9,949.0,930.0,1879.0,pass,8
2026-09-30T14:41:34,campaign_20260930_144134,6,2stage,1,3,1,496-440-400-420-380-240-200,pt240,10,949.0,929.0,1878.0,pass,9
2026-09-30T14:41:34,campaign_20260930_144134,6,2stage,1,3,1,496-440-400-420-380-320-280,pt320,1,765.0,654.0,1419.0,FAIL,7
2026-09-30T14:41:34,campaign_20260930_144134,6,2stage,1,3,1,496-440-400-420-380-320-280,pt320,2,615.0,676.0,1291.0,FAIL,6
2026-09-30T14:41:34,campaign_20260930_144134,6,2stage,1,3,1,496-440-400-420-380-320-280,pt320,3,633.0,795.0,1428.0,FAIL,7
2026-09-30T14:41:34,campaign_20260930_144134,6,2stage,1,3,1,496-440-400-420-380-320-280,pt320,4,614.0,686.0,1300.0,FAIL,6
2026-09-30T14:41:34,campaign_20260930_144134,6,2stage,1,3,1,496-440-400-420-380-320-280,pt320,5,948.0,929.0,1877.0,pass,8
2026-09-30T14:41:34,campaign_20260930_144134,6,2stage,1,3,1,496-440-400-420-380-320-280,pt320,6,928.0,949.0,1877.0,pass,8
2026-09-30T14:41:34,campaign_20260930_144134,6,2stage,1,3,1,496-440-400-420-380-320-280,pt320,7,929.0,948.0,1877.0,pass,8
2026-09-30T14:41:34,campaign_20260930_144134,6,2stage,1,3,1,496-440-400-420-380-320-280,pt320,8,659.0,624.0,1283.0,FAIL,6
2026-09-30T14:41:34,campaign_20260930_144134,6,2stage,1,3,1,496-440-400-420-380-320-280,pt320,9,944.0,930.0,1874.0,pass,9
2026-09-30T14:41:34,campaign_20260930_144134,6,2stage,1,3,1,496-440-400-420-380-320-280,pt320,10,948.0,929.0,1877.0,pass,8
2026-09-30T14:41:34,campaign_20260930_144134,7,2stage,2,10,1,496-440-340-420-320-180-140,g100,1,866.0,935.0,1801.0,pass,5
2026-09-30T14:41:34,campaign_20260930_144134,7,2stage,2,10,1,496-440-340-420-320-180-140,g100,2,892.0,921.0,1813.0,pass,5
2026-09-30T14:41:34,campaign_20260930_144134,7,2stage,2,10,1,496-440-340-420-320-180-140,g100,3,921.0,896.0,1817.0,pass,5
2026-09-30T14:41:34,campaign_20260930_144134,7,2stage,2,10,1,496-440-340-420-320-180-140,g100,4,578.0,645.0,1223.0,FAIL,2
2026-09-30T14:41:34,campaign_20260930_144134,7,2stage,2,10,1,496-440-340-420-320-180-140,g100,5,899.0,874.0,1773.0,pass,5
2026-09-30T14:41:34,campaign_20260930_144134,7,2stage,2,10,1,496-440-340-420-320-180-140,g100,6,490.0,728.0,1218.0,FAIL,2
2026-09-30T14:41:34,campaign_20260930_144134,7,2stage,2,10,1,496-440-340-420-320-180-140,g100,7,520.0,694.0,1214.0,FAIL,2
2026-09-30T14:41:34,campaign_20260930_144134,7,2stage,2,10,1,496-440-340-420-320-180-140,g100,8,517.0,683.0,1200.0,FAIL,2
2026-09-30T14:41:34,campaign_20260930_144134,7,2stage,2,10,1,496-440-340-420-320-180-140,g100,9,543.0,663.0,1206.0,FAIL,1
2026-09-30T14:41:34,campaign_20260930_144134,7,2stage,2,10,1,496-440-340-420-320-180-140,g100,10,409.0,811.0,1220.0,FAIL,1
2026-09-30T14:41:34,campaign_20260930_144134,7,2stage,2,10,1,496-440-340-420-320-180-140,g100,11,935.0,913.0,1848.0,pass,4
2026-09-30T14:41:34,campaign_20260930_144134,7,2stage,2,10,1,496-440-340-420-320-180-140,g100,12,924.0,901.0,1825.0,pass,4
2026-09-30T14:41:34,campaign_20260930_144134,7,2stage,2,10,1,496-440-340-420-320-180-140,g100,13,526.0,673.0,1199.0,FAIL,1
2026-09-30T14:41:34,campaign_20260930_144134,7,2stage,2,10,1,496-440-340-420-320-180-140,g100,14,922.0,940.0,1862.0,pass,5
2026-09-30T14:41:34,campaign_20260930_144134,7,2stage,2,10,1,496-440-340-420-320-180-140,g100,15,940.0,922.0,1862.0,pass,5
2026-09-30T14:41:34,campaign_20260930_144134,7,2stage,2,10,1,496-440-340-420-320-180-140,g100,16,921.0,940.0,1861.0,pass,6
2026-09-30T14:41:34,campaign_20260930_144134,7,2stage,2,10,1,496-440-340-420-320-180-140,g100,17,921.0,940.0,1861.0,pass,6
2026-09-30T14:41:34,campaign_20260930_144134,7,2stage,2,10,1,496-440-340-420-320-180-140,g100,18,940.0,921.0,1861.0,pass,5
2026-09-30T14:41:34,campaign_20260930_144134,7,2stage,2,10,1,496-440-340-420-320-180-140,g100,19,922.0,940.0,1862.0,pass,4
2026-09-30T14:41:34,campaign_20260930_144134,7,2stage,2,10,1,496-440-340-420-320-180-140,g100,20,940.0,921.0,1861.0,pass,5
2026-09-30T14:41:34,campaign_20260930_144134,7,2stage,2,10,1,496-440-340-420-320-180-140,g100,21,921.0,940.0,1861.0,pass,5
2026-09-30T14:41:34,campaign_20260930_144134,7,2stage,2,10,1,496-440-340-420-320-180-140,g100,22,940.0,921.0,1861.0,pass,6
2026-09-30T14:41:34,campaign_20260930_144134,7,2stage,2,10,1,496-440-340-420-320-180-140,g100,23,684.0,676.0,1360.0,FAIL,2
2026-09-30T14:41:34,campaign_20260930_144134,7,2stage,2,10,1,496-440-340-420-320-180-140,g100,24,940.0,921.0,1861.0,pass,5
2026-09-30T14:41:34,campaign_20260930_144134,7,2stage,2,10,1,496-440-340-420-320-180-140,g100,25,624.0,599.0,1223.0,FAIL,1
2026-09-30T14:41:34,campaign_20260930_144134,7,2stage,2,10,1,496-440-340-420-320-180-140,g100,26,921.0,940.0,1861.0,pass,6
2026-09-30T14:41:34,campaign_20260930_144134,7,2stage,2,10,1,496-440-340-420-320-180-140,g100,27,940.0,921.0,1861.0,pass,6
2026-09-30T14:41:34,campaign_20260930_144134,7,2stage,2,10,1,496-440-340-420-320-180-140,g100,28,702.0,650.0,1352.0,FAIL,2
2026-09-30T14:41:34,campaign_20260930_144134,7,2stage,2,10,1,496-440-340-420-320-180-140,g100,29,682.0,683.0,1365.0,FAIL,2
2026-09-30T14:41:34,campaign_20260930_144134,7,2stage,2,10,1,496-440-340-420-320-180-140,g100,30,584.0,630.0,1214.0,FAIL,1
2026-09-30T14:41:34,campaign_20260930_144134,7,2stage,2,10,1,496-440-340-420-320-180-140,g100,31,921.0,940.0,1861.0,pass,4
2026-09-30T14:41:34,campaign_20260930_144134,7,2stage,2,10,1,496-440-340-420-320-180-140,g100,32,618.0,687.0,1305.0,FAIL,2
2026-09-30T14:41:34,campaign_20260930_144134,7,2stage,2,10,1,496-440-340-420-320-180-140,g100,33,732.0,637.0,1369.0,FAIL,2
2026-09-30T14:41:34,campaign_20260930_144134,7,2stage,2,10,1,496-440-340-420-320-180-140,g100,34,940.0,921.0,1861.0,pass,5
2026-09-30T14:41:34,campaign_20260930_144134,7,2stage,2,10,1,496-440-340-420-320-180-140,g100,35,574.0,654.0,1228.0,FAIL,1
2026-09-30T14:41:34,campaign_20260930_144134,7,2stage,2,10,1,496-440-340-420-320-180-140,g100,36,933.0,908.0,1841.0,pass,5
2026-09-30T14:41:34,campaign_20260930_144134,7,2stage,2,10,1,496-440-340-420-320-180-140,g100,37,518.0,721.0,1239.0,FAIL,1
2026-09-30T14:41:34,campaign_20260930_144134,7,2stage,2,10,1,496-440-340-420-320-180-140,g100,38,678.0,687.0,1365.0,FAIL,2
2026-09-30T14:41:34,campaign_20260930_144134,7,2stage,2,10,1,496-440-340-420-320-180-140,g100,39,669.0,639.0,1308.0,FAIL,2
2026-09-30T14:41:34,campaign_20260930_144134,7,2stage,2,10,1,496-440-340-420-320-180-140,g100,40,928.0,904.0,1832.0,pass,3
2026-09-30T14:41:34,campaign_20260930_144134,7,2stage,2,10,1,496-440-340-420-320-180-140,g100,41,573.0,670.0,1243.0,FAIL,1
2026-09-30T14:41:34,campaign_20260930_144134,7,2stage,2,10,1,496-440-340-420-320-180-140,g100,42,919.0,939.0,1858.0,pass,5
2026-09-30T14:41:34,campaign_20260930_144134,7,2stage,2,10,1,496-440-340-420-320-180-140,g100,43,578.0,710.0,1288.0,FAIL,1
2026-09-30T14:41:34,campaign_20260930_144134,7,2stage,2,10,1,496-440-340-420-320-180-140,g100,44,595.0,663.0,1258.0,FAIL,2
2026-09-30T14:41:34,campaign_20260930_144134,7,2stage,2,10,1,496-440-340-420-320-180-140,g100,45,566.0,690.0,1256.0,FAIL,1
2026-09-30T14:41:34,campaign_20260930_144134,7,2stage,2,10,1,496-440-340-420-320-180-140,g100,46,912.0,932.0,1844.0,pass,5
2026-09-30T14:41:34,campaign_20260930_144134,7,2stage,2,10,1,496-440-340-420-320-180-140,g100,47,937.0,916.0,1853.0,pass,6
2026-09-30T14:41:34,campaign_20260930_144134,7,2stage,2,10,1,496-440-340-420-320-180-140,g100,48,562.0,675.0,1237.0,FAIL,2
2026-09-30T14:41:34,campaign_20260930_144134,7,2stage,2,10,1,496-440-340-420-320-180-140,g100,49,590.0,646.0,1236.0,FAIL,2
2026-09-30T14:41:34,campaign_20260930_144134,7,2stage,2,10,1,496-440-340-420-320-180-140,g100,50,918.0,937.0,1855.0,pass,5
2026-09-30T14:41:34,campaign_20260930_144134,7,2stage,2,10,1,480-440-400-420-380-180-140,ss440,1,747.0,644.0,1391.0,FAIL,2
2026-09-30T14:41:34,campaign_20260930_144134,7,2stage,2,10,1,480-440-400-420-380-180-140,ss440,2,920.0,939.0,1859.0,pass,4
2026-09-30T14:41:34,campaign_20260930_144134,7,2stage,2,10,1,480-440-400-420-380-180-140,ss440,3,940.0,922.0,1862.0,pass,5
2026-09-30T14:41:34,campaign_20260930_144134,7,2stage,2,10,1,480-440-400-420-380-180-140,ss440,4,920.0,939.0,1859.0,pass,6
2026-09-30T14:41:34,campaign_20260930_144134,7,2stage,2,10,1,480-440-400-420-380-180-140,ss440,5,920.0,939.0,1859.0,pass,5
2026-09-30T14:41:34,campaign_20260930_144134,7,2stage,2,10,1,480-440-400-420-380-180-140,ss440,6,614.0,727.0,1341.0,FAIL,1
2026-09-30T14:41:34,campaign_20260930_144134,7,2stage,2,10,1,480-440-400-420-380-180-140,ss440,7,933.0,912.0,1845.0,pass,5
2026-09-30T14:41:34,campaign_20260930_144134,7,2stage,2,10,1,480-440-400-420-380-180-140,ss440,8,921.0,940.0,1861.0,pass,5
2026-09-30T14:41:34,campaign_20260930_144134,7,2stage,2,10,1,480-440-400-420-380-180-140,ss440,9,940.0,921.0,1861.0,pass,5
2026-09-30T14:41:34,campaign_20260930_144134,7,2stage,2,10,1,480-440-400-420-380-180-140,ss440,10,625.0,641.0,1266.0,FAIL,2
2026-09-30T14:41:34,campaign_20260930_144134,7,2stage,2,10,1,480-440-400-420-380-180-140,ss440,11,940.0,921.0,1861.0,pass,5
2026-09-30T14:41:34,campaign_20260930_144134,7,2stage,2,10,1,480-440-400-420-380-180-140,ss440,12,666.0,657.0,1323.0,FAIL,1
2026-09-30T14:41:34,campaign_20260930_144134,7,2stage,2,10,1,480-440-400-420-380-180-140,ss440,13,940.0,921.0,1861.0,pass,5
2026-09-30T14:41:34,campaign_20260930_144134,7,2stage,2,10,1,480-440-400-420-380-180-140,ss440,14,638.0,715.0,1353.0,FAIL,2
2026-09-30T14:41:34,campaign_20260930_144134,7,2stage,2,10,1,480-440-400-420-380-180-140,ss440,15,920.0,939.0,1859.0,pass,5
2026-09-30T14:41:34,campaign_20260930_144134,7,2stage,2,10,1,480-440-400-420-380-180-140,ss440,16,634.0,768.0,1402.0,FAIL,2
2026-09-30T14:41:34,campaign_20260930_144134,7,2stage,2,10,1,480-440-400-420-380-180-140,ss440,17,555.0,705.0,1260.0,FAIL,2
2026-09-30T14:41:34,campaign_20260930_144134,7,2stage,2,10,1,480-440-400-420-380-180-140,ss440,18,921.0,940.0,1861.0,pass,5
2026-09-30T14:41:34,campaign_20260930_144134,7,2stage,2,10,1,480-440-400-420-380-180-140,ss440,19,748.0,649.0,1397.0,FAIL,3
2026-09-30T14:41:34,campaign_20260930_144134,7,2stage,2,10,1,480-440-400-420-380-180-140,ss440,20,940.0,921.0,1861.0,pass,5
2026-09-30T14:41:34,campaign_20260930_144134,7,2stage,2,10,1,480-440-400-420-380-180-140,ss440,21,604.0,646.0,1250.0,FAIL,2
2026-09-30T14:41:34,campaign_20260930_144134,7,2stage,2,10,1,480-440-400-420-380-180-140,ss440,22,921.0,940.0,1861.0,pass,5
2026-09-30T14:41:34,campaign_20260930_144134,7,2stage,2,10,1,480-440-400-420-380-180-140,ss440,23,640.0,751.0,1391.0,FAIL,2
2026-09-30T14:41:34,campaign_20260930_144134,7,2stage,2,10,1,480-440-400-420-380-180-140,ss440,24,921.0,940.0,1861.0,pass,5
2026-09-30T14:41:34,campaign_20260930_144134,7,2stage,2,10,1,480-440-400-420-380-180-140,ss440,25,940.0,921.0,1861.0,pass,6
2026-09-30T14:41:34,campaign_20260930_144134,7,2stage,2,10,1,480-440-400-420-380-180-140,ss440,26,921.0,940.0,1861.0,pass,4
2026-09-30T14:41:34,campaign_20260930_144134,7,2stage,2,10,1,480-440-400-420-380-180-140,ss440,27,551.0,711.0,1262.0,FAIL,2
2026-09-30T14:41:34,campaign_20260930_144134,7,2stage,2,10,1,480-440-400-420-380-180-140,ss440,28,538.0,756.0,1294.0,FAIL,2
2026-09-30T14:41:34,campaign_20260930_144134,7,2stage,2,10,1,480-440-400-420-380-180-140,ss440,29,933.0,913.0,1846.0,pass,4
2026-09-30T14:41:34,campaign_20260930_144134,7,2stage,2,10,1,480-440-400-420-380-180-140,ss440,30,521.0,724.0,1245.0,FAIL,1
2026-09-30T14:41:34,campaign_20260930_144134,7,2stage,2,10,1,480-440-400-420-380-180-140,ss440,31,923.0,940.0,1863.0,pass,5
2026-09-30T14:41:34,campaign_20260930_144134,7,2stage,2,10,1,480-440-400-420-380-180-140,ss440,32,921.0,940.0,1861.0,pass,5
2026-09-30T14:41:34,campaign_20260930_144134,7,2stage,2,10,1,480-440-400-420-380-180-140,ss440,33,940.0,921.0,1861.0,pass,5
2026-09-30T14:41:34,campaign_20260930_144134,7,2stage,2,10,1,480-440-400-420-380-180-140,ss440,34,940.0,921.0,1861.0,pass,4
2026-09-30T14:41:34,campaign_20260930_144134,7,2stage,2,10,1,480-440-400-420-380-180-140,ss440,35,921.0,940.0,1861.0,pass,5
2026-09-30T14:41:34,campaign_20260930_144134,7,2stage,2,10,1,480-440-400-420-380-180-140,ss440,36,921.0,940.0,1861.0,pass,5
2026-09-30T14:41:34,campaign_20260930_144134,7,2stage,2,10,1,480-440-400-420-380-180-140,ss440,37,940.0,921.0,1861.0,pass,5
2026-09-30T14:41:34,campaign_20260930_144134,7,2stage,2,10,1,480-440-400-420-380-180-140,ss440,38,541.0,710.0,1251.0,FAIL,1
2026-09-30T14:41:34,campaign_20260930_144134,7,2stage,2,10,1,480-440-400-420-380-180-140,ss440,39,921.0,940.0,1861.0,pass,5
2026-09-30T14:41:34,campaign_20260930_144134,7,2stage,2,10,1,480-440-400-420-380-180-140,ss440,40,940.0,921.0,1861.0,pass,4
2026-09-30T14:41:34,campaign_20260930_144134,7,2stage,2,10,1,480-440-400-420-380-180-140,ss440,41,783.0,616.0,1399.0,FAIL,2
2026-09-30T14:41:34,campaign_20260930_144134,7,2stage,2,10,1,480-440-400-420-380-180-140,ss440,42,940.0,921.0,1861.0,pass,5
2026-09-30T14:41:34,campaign_20260930_144134,7,2stage,2,10,1,480-440-400-420-380-180-140,ss440,43,940.0,921.0,1861.0,pass,5
2026-09-30T14:41:34,campaign_20260930_144134,7,2stage,2,10,1,480-440-400-420-380-180-140,ss440,44,537.0,718.0,1255.0,FAIL,2
2026-09-30T14:41:34,campaign_20260930_144134,7,2stage,2,10,1,480-440-400-420-380-180-140,ss440,45,921.0,940.0,1861.0,pass,5
2026-09-30T14:41:34,campaign_20260930_144134,7,2stage,2,10,1,480-440-400-420-380-180-140,ss440,46,630.0,626.0,1256.0,FAIL,2
2026-09-30T14:41:34,campaign_20260930_144134,7,2stage,2,10,1,480-440-400-420-380-180-140,ss440,47,940.0,921.0,1861.0,pass,5
2026-09-30T14:41:34,campaign_20260930_144134,7,2stage,2,10,1,480-440-400-420-380-180-140,ss440,48,921.0,940.0,1861.0,pass,6
2026-09-30T14:41:34,campaign_20260930_144134,7,2stage,2,10,1,480-440-400-420-380-180-140,ss440,49,724.0,675.0,1399.0,FAIL,2
2026-09-30T14:41:34,campaign_20260930_144134,7,2stage,2,10,1,480-440-400-420-380-180-140,ss440,50,654.0,597.0,1251.0,FAIL,1
2026-09-30T14:41:34,campaign_20260930_144134,7,2stage,2,10,1,496-460-420-440-400-180-140,L460,1,598.0,673.0,1271.0,FAIL,1
2026-09-30T14:41:34,campaign_20260930_144134,7,2stage,2,10,1,496-460-420-440-400-180-140,L460,2,636.0,654.0,1290.0,FAIL,1
2026-09-30T14:41:34,campaign_20260930_144134,7,2stage,2,10,1,496-460-420-440-400-180-140,L460,3,919.0,938.0,1857.0,pass,4
2026-09-30T14:41:34,campaign_20260930_144134,7,2stage,2,10,1,496-460-420-440-400-180-140,L460,4,601.0,785.0,1386.0,FAIL,2
2026-09-30T14:41:34,campaign_20260930_144134,7,2stage,2,10,1,496-460-420-440-400-180-140,L460,5,668.0,615.0,1283.0,FAIL,1
2026-09-30T14:41:34,campaign_20260930_144134,7,2stage,2,10,1,496-460-420-440-400-180-140,L460,6,660.0,746.0,1406.0,FAIL,2
2026-09-30T14:41:34,campaign_20260930_144134,7,2stage,2,10,1,496-460-420-440-400-180-140,L460,7,921.0,940.0,1861.0,pass,5
2026-09-30T14:41:34,campaign_20260930_144134,7,2stage,2,10,1,496-460-420-440-400-180-140,L460,8,921.0,940.0,1861.0,pass,6
2026-09-30T14:41:34,campaign_20260930_144134,7,2stage,2,10,1,496-460-420-440-400-180-140,L460,9,618.0,774.0,1392.0,FAIL,2
2026-09-30T14:41:34,campaign_20260930_144134,7,2stage,2,10,1,496-460-420-440-400-180-140,L460,10,633.0,654.0,1287.0,FAIL,2
2026-09-30T14:41:34,campaign_20260930_144134,7,2stage,2,10,1,496-460-420-440-400-180-140,L460,11,561.0,775.0,1336.0,FAIL,1
2026-09-30T14:41:34,campaign_20260930_144134,7,2stage,2,10,1,496-460-420-440-400-180-140,L460,12,642.0,638.0,1280.0,FAIL,1
2026-09-30T14:41:34,campaign_20260930_144134,7,2stage,2,10,1,496-460-420-440-400-180-140,L460,13,940.0,921.0,1861.0,pass,5
2026-09-30T14:41:34,campaign_20260930_144134,7,2stage,2,10,1,496-460-420-440-400-180-140,L460,14,779.0,624.0,1403.0,FAIL,2
2026-09-30T14:41:34,campaign_20260930_144134,7,2stage,2,10,1,496-460-420-440-400-180-140,L460,15,686.0,679.0,1365.0,FAIL,1
2026-09-30T14:41:34,campaign_20260930_144134,7,2stage,2,10,1,496-460-420-440-400-180-140,L460,16,612.0,759.0,1371.0,FAIL,2
2026-09-30T14:41:34,campaign_20260930_144134,7,2stage,2,10,1,496-460-420-440-400-180-140,L460,17,651.0,635.0,1286.0,FAIL,2
2026-09-30T14:41:34,campaign_20260930_144134,7,2stage,2,10,1,496-460-420-440-400-180-140,L460,18,921.0,940.0,1861.0,pass,6
2026-09-30T14:41:34,campaign_20260930_144134,7,2stage,2,10,1,496-460-420-440-400-180-140,L460,19,939.0,920.0,1859.0,pass,4
2026-09-30T14:41:34,campaign_20260930_144134,7,2stage,2,10,1,496-460-420-440-400-180-140,L460,20,921.0,940.0,1861.0,pass,5
2026-09-30T14:41:34,campaign_20260930_144134,7,2stage,2,10,1,496-460-420-440-400-180-140,L460,21,921.0,940.0,1861.0,pass,5
2026-09-30T14:41:34,campaign_20260930_144134,7,2stage,2,10,1,496-460-420-440-400-180-140,L460,22,921.0,940.0,1861.0,pass,6
2026-09-30T14:41:34,campaign_20260930_144134,7,2stage,2,10,1,496-460-420-440-400-180-140,L460,23,921.0,940.0,1861.0,pass,5
2026-09-30T14:41:34,campaign_20260930_144134,7,2stage,2,10,1,496-460-420-440-400-180-140,L460,24,940.0,921.0,1861.0,pass,5
2026-09-30T14:41:34,campaign_20260930_144134,7,2stage,2,10,1,496-460-420-440-400-180-140,L460,25,651.0,693.0,1344.0,FAIL,2
2026-09-30T14:41:34,campaign_20260930_144134,7,2stage,2,10,1,496-460-420-440-400-180-140,L460,26,920.0,939.0,1859.0,pass,5
2026-09-30T14:41:34,campaign_20260930_144134,7,2stage,2,10,1,496-460-420-440-400-180-140,L460,27,746.0,648.0,1394.0,FAIL,2
2026-09-30T14:41:34,campaign_20260930_144134,7,2stage,2,10,1,496-460-420-440-400-180-140,L460,28,767.0,636.0,1403.0,FAIL,2
2026-09-30T14:41:34,campaign_20260930_144134,7,2stage,2,10,1,496-460-420-440-400-180-140,L460,29,735.0,679.0,1414.0,FAIL,2
2026-09-30T14:41:34,campaign_20260930_144134,7,2stage,2,10,1,496-460-420-440-400-180-140,L460,30,685.0,673.0,1358.0,FAIL,2
2026-09-30T14:41:34,campaign_20260930_144134,7,2stage,2,10,1,496-460-420-440-400-180-140,L460,31,940.0,921.0,1861.0,pass,4
2026-09-30T14:41:34,campaign_20260930_144134,7,2stage,2,10,1,496-460-420-440-400-180-140,L460,32,920.0,939.0,1859.0,pass,6
2026-09-30T14:41:34,campaign_20260930_144134,7,2stage,2,10,1,496-460-420-440-400-180-140,L460,33,618.0,781.0,1399.0,FAIL,2
2026-09-30T14:41:34,campaign_20260930_144134,7,2stage,2,10,1,496-460-420-440-400-180-140,L460,34,940.0,921.0,1861.0,pass,4
2026-09-30T14:41:34,campaign_20260930_144134,7,2stage,2,10,1,496-460-420-440-400-180-140,L460,35,940.0,922.0,1862.0,pass,5
2026-09-30T14:41:34,campaign_20260930_144134,7,2stage,2,10,1,496-460-420-440-400-180-140,L460,36,940.0,921.0,1861.0,pass,4
2026-09-30T14:41:34,campaign_20260930_144134,7,2stage,2,10,1,496-460-420-440-400-180-140,L460,37,640.0,755.0,1395.0,FAIL,2
2026-09-30T14:41:34,campaign_20260930_144134,7,2stage,2,10,1,496-460-420-440-400-180-140,L460,38,367.0,881.0,1248.0,FAIL,1
2026-09-30T14:41:34,campaign_20260930_144134,7,2stage,2,10,1,496-460-420-440-400-180-140,L460,39,940.0,921.0,1861.0,pass,4
2026-09-30T14:41:34,campaign_20260930_144134,7,2stage,2,10,1,496-460-420-440-400-180-140,L460,40,599.0,789.0,1388.0,FAIL,2
2026-09-30T14:41:34,campaign_20260930_144134,7,2stage,2,10,1,496-460-420-440-400-180-140,L460,41,619.0,776.0,1395.0,FAIL,2
2026-09-30T14:41:34,campaign_20260930_144134,7,2stage,2,10,1,496-460-420-440-400-180-140,L460,42,441.0,807.0,1248.0,FAIL,1
2026-09-30T14:41:34,campaign_20260930_144134,7,2stage,2,10,1,496-460-420-440-400-180-140,L460,43,940.0,921.0,1861.0,pass,4
2026-09-30T14:41:34,campaign_20260930_144134,7,2stage,2,10,1,496-460-420-440-400-180-140,L460,44,940.0,923.0,1863.0,pass,5
2026-09-30T14:41:34,campaign_20260930_144134,7,2stage,2,10,1,496-460-420-440-400-180-140,L460,45,921.0,940.0,1861.0,pass,5
2026-09-30T14:41:34,campaign_20260930_144134,7,2stage,2,10,1,496-460-420-440-400-180-140,L460,46,940.0,921.0,1861.0,pass,4
2026-09-30T14:41:34,campaign_20260930_144134,7,2stage,2,10,1,496-460-420-440-400-180-140,L460,47,940.0,921.0,1861.0,pass,4
2026-09-30T14:41:34,campaign_20260930_144134,7,2stage,2,10,1,496-460-420-440-400-180-140,L460,48,621.0,658.0,1279.0,FAIL,2
2026-09-30T14:41:34,campaign_20260930_144134,7,2stage,2,10,1,496-460-420-440-400-180-140,L460,49,614.0,778.0,1392.0,FAIL,3
2026-09-30T14:41:34,campaign_20260930_144134,7,2stage,2,10,1,496-460-420-440-400-180-140,L460,50,921.0,940.0,1861.0,pass,5
2026-09-30T14:41:34,campaign_20260930_144134,7,2stage,2,10,1,496-440-400-420-380-180-140,L440,1,942.0,921.0,1863.0,pass,4
2026-09-30T14:41:34,campaign_20260930_144134,7,2stage,2,10,1,496-440-400-420-380-180-140,L440,2,695.0,698.0,1393.0,FAIL,2
2026-09-30T14:41:34,campaign_20260930_144134,7,2stage,2,10,1,496-440-400-420-380-180-140,L440,3,920.0,939.0,1859.0,pass,6
2026-09-30T14:41:34,campaign_20260930_144134,7,2stage,2,10,1,496-440-400-420-380-180-140,L440,4,921.0,940.0,1861.0,pass,5
2026-09-30T14:41:34,campaign_20260930_144134,7,2stage,2,10,1,496-440-400-420-380-180-140,L440,5,940.0,921.0,1861.0,pass,5
2026-09-30T14:41:34,campaign_20260930_144134,7,2stage,2,10,1,496-440-400-420-380-180-140,L440,6,599.0,651.0,1250.0,FAIL,1
2026-09-30T14:41:34,campaign_20260930_144134,7,2stage,2,10,1,496-440-400-420-380-180-140,L440,7,693.0,707.0,1400.0,FAIL,2
2026-09-30T14:41:34,campaign_20260930_144134,7,2stage,2,10,1,496-440-400-420-380-180-140,L440,8,917.0,937.0,1854.0,pass,4
2026-09-30T14:41:34,campaign_20260930_144134,7,2stage,2,10,1,496-440-400-420-380-180-140,L440,9,940.0,921.0,1861.0,pass,5
2026-09-30T14:41:34,campaign_20260930_144134,7,2stage,2,10,1,496-440-400-420-380-180-140,L440,10,620.0,645.0,1265.0,FAIL,1
2026-09-30T14:41:34,campaign_20260930_144134,7,2stage,2,10,1,496-440-400-420-380-180-140,L440,11,940.0,921.0,1861.0,pass,5
2026-09-30T14:41:34,campaign_20260930_144134,7,2stage,2,10,1,496-440-400-420-380-180-140,L440,12,652.0,663.0,1315.0,FAIL,2
2026-09-30T14:41:34,campaign_20260930_144134,7,2stage,2,10,1,496-440-400-420-380-180-140,L440,13,921.0,940.0,1861.0,pass,5
2026-09-30T14:41:34,campaign_20260930_144134,7,2stage,2,10,1,496-440-400-420-380-180-140,L440,14,628.0,759.0,1387.0,FAIL,2
2026-09-30T14:41:34,campaign_20260930_144134,7,2stage,2,10,1,496-440-400-420-380-180-140,L440,15,921.0,940.0,1861.0,pass,5
2026-09-30T14:41:34,campaign_20260930_144134,7,2stage,2,10,1,496-440-400-420-380-180-140,L440,16,940.0,921.0,1861.0,pass,4
2026-09-30T14:41:34,campaign_20260930_144134,7,2stage,2,10,1,496-440-400-420-380-180-140,L440,17,685.0,656.0,1341.0,FAIL,2
2026-09-30T14:41:34,campaign_20260930_144134,7,2stage,2,10,1,496-440-400-420-380-180-140,L440,18,940.0,921.0,1861.0,pass,4
2026-09-30T14:41:34,campaign_20260930_144134,7,2stage,2,10,1,496-440-400-420-380-180-140,L440,19,922.0,940.0,1862.0,pass,6
2026-09-30T14:41:34,campaign_20260930_144134,7,2stage,2,10,1,496-440-400-420-380-180-140,L440,20,940.0,921.0,1861.0,pass,5
2026-09-30T14:41:34,campaign_20260930_144134,7,2stage,2,10,1,496-440-400-420-380-180-140,L440,21,939.0,920.0,1859.0,pass,4
2026-09-30T14:41:34,campaign_20260930_144134,7,2stage,2,10,1,496-440-400-420-380-180-140,L440,22,438.0,832.0,1270.0,FAIL,1
2026-09-30T14:41:34,campaign_20260930_144134,7,2stage,2,10,1,496-440-400-420-380-180-140,L440,23,940.0,921.0,1861.0,pass,4
2026-09-30T14:41:34,campaign_20260930_144134,7,2stage,2,10,1,496-440-400-420-380-180-140,L440,24,940.0,921.0,1861.0,pass,5
2026-09-30T14:41:34,campaign_20260930_144134,7,2stage,2,10,1,496-440-400-420-380-180-140,L440,25,672.0,695.0,1367.0,FAIL,1
2026-09-30T14:41:34,campaign_20260930_144134,7,2stage,2,10,1,496-440-400-420-380-180-140,L440,26,939.0,920.0,1859.0,pass,4
2026-09-30T14:41:34,campaign_20260930_144134,7,2stage,2,10,1,496-440-400-420-380-180-140,L440,27,644.0,693.0,1337.0,FAIL,2
2026-09-30T14:41:34,campaign_20260930_144134,7,2stage,2,10,1,496-440-400-420-380-180-140,L440,28,628.0,741.0,1369.0,FAIL,2
2026-09-30T14:41:34,campaign_20260930_144134,7,2stage,2,10,1,496-440-400-420-380-180-140,L440,29,674.0,719.0,1393.0,FAIL,2
2026-09-30T14:41:34,campaign_20260930_144134,7,2stage,2,10,1,496-440-400-420-380-180-140,L440,30,667.0,729.0,1396.0,FAIL,3
2026-09-30T14:41:34,campaign_20260930_144134,7,2stage,2,10,1,496-440-400-420-380-180-140,L440,31,698.0,702.0,1400.0,FAIL,2
2026-09-30T14:41:34,campaign_20260930_144134,7,2stage,2,10,1,496-440-400-420-380-180-140,L440,32,921.0,940.0,1861.0,pass,6
2026-09-30T14:41:34,campaign_20260930_144134,7,2stage,2,10,1,496-440-400-420-380-180-140,L440,33,940.0,921.0,1861.0,pass,4
2026-09-30T14:41:34,campaign_20260930_144134,7,2stage,2,10,1,496-440-400-420-380-180-140,L440,34,681.0,657.0,1338.0,FAIL,2
2026-09-30T14:41:34,campaign_20260930_144134,7,2stage,2,10,1,496-440-400-420-380-180-140,L440,35,609.0,651.0,1260.0,FAIL,1
2026-09-30T14:41:34,campaign_20260930_144134,7,2stage,2,10,1,496-440-400-420-380-180-140,L440,36,470.0,784.0,1254.0,FAIL,1
2026-09-30T14:41:34,campaign_20260930_144134,7,2stage,2,10,1,496-440-400-420-380-180-140,L440,37,940.0,921.0,1861.0,pass,4
2026-09-30T14:41:34,campaign_20260930_144134,7,2stage,2,10,1,496-440-400-420-380-180-140,L440,38,921.0,940.0,1861.0,pass,6
2026-09-30T14:41:34,campaign_20260930_144134,7,2stage,2,10,1,496-440-400-420-380-180-140,L440,39,534.0,715.0,1249.0,FAIL,1
2026-09-30T14:41:34,campaign_20260930_144134,7,2stage,2,10,1,496-440-400-420-380-180-140,L440,40,784.0,597.0,1381.0,FAIL,3
2026-09-30T14:41:34,campaign_20260930_144134,7,2stage,2,10,1,496-440-400-420-380-180-140,L440,41,940.0,921.0,1861.0,pass,5
2026-09-30T14:41:34,campaign_20260930_144134,7,2stage,2,10,1,496-440-400-420-380-180-140,L440,42,637.0,734.0,1371.0,FAIL,2
2026-09-30T14:41:34,campaign_20260930_144134,7,2stage,2,10,1,496-440-400-420-380-180-140,L440,43,921.0,940.0,1861.0,pass,5
2026-09-30T14:41:34,campaign_20260930_144134,7,2stage,2,10,1,496-440-400-420-380-180-140,L440,44,921.0,940.0,1861.0,pass,6
2026-09-30T14:41:34,campaign_20260930_144134,7,2stage,2,10,1,496-440-400-420-380-180-140,L440,45,371.0,896.0,1267.0,FAIL,1
2026-09-30T14:41:34,campaign_20260930_144134,7,2stage,2,10,1,496-440-400-420-380-180-140,L440,46,921.0,940.0,1861.0,pass,5
2026-09-30T14:41:34,campaign_20260930_144134,7,2stage,2,10,1,496-440-400-420-380-180-140,L440,47,922.0,940.0,1862.0,pass,5
2026-09-30T14:41:34,campaign_20260930_144134,7,2stage,2,10,1,496-440-400-420-380-180-140,L440,48,940.0,921.0,1861.0,pass,4
2026-09-30T14:41:34,campaign_20260930_144134,7,2stage,2,10,1,496-440-400-420-380-180-140,L440,49,940.0,921.0,1861.0,pass,5
2026-09-30T14:41:34,campaign_20260930_144134,7,2stage,2,10,1,496-440-400-420-380-180-140,L440,50,636.0,683.0,1319.0,FAIL,2
2026-09-30T14:41:34,campaign_20260930_144134,7,2stage,2,10,1,496-440-400-380-340-180-140,a_s440h380,1,662.0,703.0,1365.0,FAIL,2
2026-09-30T14:41:34,campaign_20260930_144134,7,2stage,2,10,1,496-440-400-380-340-180-140,a_s440h380,2,607.0,647.0,1254.0,FAIL,2
2026-09-30T14:41:34,campaign_20260930_144134,7,2stage,2,10,1,496-440-400-380-340-180-140,a_s440h380,3,940.0,921.0,1861.0,pass,5
2026-09-30T14:41:34,campaign_20260930_144134,7,2stage,2,10,1,496-440-400-380-340-180-140,a_s440h380,4,940.0,921.0,1861.0,pass,5
2026-09-30T14:41:34,campaign_20260930_144134,7,2stage,2,10,1,496-440-400-380-340-180-140,a_s440h380,5,662.0,706.0,1368.0,FAIL,2
2026-09-30T14:41:34,campaign_20260930_144134,7,2stage,2,10,1,496-440-400-380-340-180-140,a_s440h380,6,593.0,627.0,1220.0,FAIL,1
2026-09-30T14:41:34,campaign_20260930_144134,7,2stage,2,10,1,496-440-400-380-340-180-140,a_s440h380,7,940.0,921.0,1861.0,pass,5
2026-09-30T14:41:34,campaign_20260930_144134,7,2stage,2,10,1,496-440-400-380-340-180-140,a_s440h380,8,921.0,940.0,1861.0,pass,5
2026-09-30T14:41:34,campaign_20260930_144134,7,2stage,2,10,1,496-440-400-380-340-180-140,a_s440h380,9,649.0,563.0,1212.0,FAIL,1
2026-09-30T14:41:34,campaign_20260930_144134,7,2stage,2,10,1,496-440-400-380-340-180-140,a_s440h380,10,652.0,655.0,1307.0,FAIL,2
2026-09-30T14:41:34,campaign_20260930_144134,7,2stage,2,10,1,496-440-400-380-340-180-140,a_s440h380,11,921.0,940.0,1861.0,pass,5
2026-09-30T14:41:34,campaign_20260930_144134,7,2stage,2,10,1,496-440-400-380-340-180-140,a_s440h380,12,602.0,604.0,1206.0,FAIL,1
2026-09-30T14:41:34,campaign_20260930_144134,7,2stage,2,10,1,496-440-400-380-340-180-140,a_s440h380,13,652.0,710.0,1362.0,FAIL,2
2026-09-30T14:41:34,campaign_20260930_144134,7,2stage,2,10,1,496-440-400-380-340-180-140,a_s440h380,14,648.0,653.0,1301.0,FAIL,2
2026-09-30T14:41:34,campaign_20260930_144134,7,2stage,2,10,1,496-440-400-380-340-180-140,a_s440h380,15,549.0,653.0,1202.0,FAIL,1
2026-09-30T14:41:34,campaign_20260930_144134,7,2stage,2,10,1,496-440-400-380-340-180-140,a_s440h380,16,400.0,847.0,1247.0,FAIL,1
2026-09-30T14:41:34,campaign_20260930_144134,7,2stage,2,10,1,496-440-400-380-340-180-140,a_s440h380,17,940.0,921.0,1861.0,pass,5
2026-09-30T14:41:34,campaign_20260930_144134,7,2stage,2,10,1,496-440-400-380-340-180-140,a_s440h380,18,940.0,921.0,1861.0,pass,4
2026-09-30T14:41:34,campaign_20260930_144134,7,2stage,2,10,1,496-440-400-380-340-180-140,a_s440h380,19,626.0,645.0,1271.0,FAIL,2
2026-09-30T14:41:34,campaign_20260930_144134,7,2stage,2,10,1,496-440-400-380-340-180-140,a_s440h380,20,940.0,921.0,1861.0,pass,6
2026-09-30T14:41:34,campaign_20260930_144134,7,2stage,2,10,1,496-440-400-380-340-180-140,a_s440h380,21,635.0,634.0,1269.0,FAIL,2
2026-09-30T14:41:34,campaign_20260930_144134,7,2stage,2,10,1,496-440-400-380-340-180-140,a_s440h380,22,581.0,630.0,1211.0,FAIL,1
2026-09-30T14:41:34,campaign_20260930_144134,7,2stage,2,10,1,496-440-400-380-340-180-140,a_s440h380,23,940.0,922.0,1862.0,pass,5
2026-09-30T14:41:34,campaign_20260930_144134,7,2stage,2,10,1,496-440-400-380-340-180-140,a_s440h380,24,652.0,703.0,1355.0,FAIL,2
2026-09-30T14:41:34,campaign_20260930_144134,7,2stage,2,10,1,496-440-400-380-340-180-140,a_s440h380,25,921.0,940.0,1861.0,pass,5
2026-09-30T14:41:34,campaign_20260930_144134,7,2stage,2,10,1,496-440-400-380-340-180-140,a_s440h380,26,921.0,940.0,1861.0,pass,5
2026-09-30T14:41:34,campaign_20260930_144134,7,2stage,2,10,1,496-440-400-380-340-180-140,a_s440h380,27,921.0,941.0,1862.0,pass,5
2026-09-30T14:41:34,campaign_20260930_144134,7,2stage,2,10,1,496-440-400-380-340-180-140,a_s440h380,28,940.0,921.0,1861.0,pass,5
2026-09-30T14:41:34,campaign_20260930_144134,7,2stage,2,10,1,496-440-400-380-340-180-140,a_s440h380,29,940.0,923.0,1863.0,pass,5
2026-09-30T14:41:34,campaign_20260930_144134,7,2stage,2,10,1,496-440-400-380-340-180-140,a_s440h380,30,921.0,940.0,1861.0,pass,4
2026-09-30T14:41:34,campaign_20260930_144134,7,2stage,2,10,1,496-440-400-380-340-180-140,a_s440h380,31,668.0,702.0,1370.0,FAIL,2
2026-09-30T14:41:34,campaign_20260930_144134,7,2stage,2,10,1,496-440-400-380-340-180-140,a_s440h380,32,921.0,940.0,1861.0,pass,5
2026-09-30T14:41:34,campaign_20260930_144134,7,2stage,2,10,1,496-440-400-380-340-180-140,a_s440h380,33,632.0,587.0,1219.0,FAIL,1
2026-09-30T14:41:34,campaign_20260930_144134,7,2stage,2,10,1,496-440-400-380-340-180-140,a_s440h380,34,921.0,940.0,1861.0,pass,6
2026-09-30T14:41:34,campaign_20260930_144134,7,2stage,2,10,1,496-440-400-380-340-180-140,a_s440h380,35,627.0,584.0,1211.0,FAIL,1
2026-09-30T14:41:34,campaign_20260930_144134,7,2stage,2,10,1,496-440-400-380-340-180-140,a_s440h380,36,921.0,940.0,1861.0,pass,6
2026-09-30T14:41:34,campaign_20260930_144134,7,2stage,2,10,1,496-440-400-380-340-180-140,a_s440h380,37,861.0,453.0,1314.0,FAIL,1
2026-09-30T14:41:34,campaign_20260930_144134,7,2stage,2,10,1,496-440-400-380-340-180-140,a_s440h380,38,940.0,921.0,1861.0,pass,5
2026-09-30T14:41:34,campaign_20260930_144134,7,2stage,2,10,1,496-440-400-380-340-180-140,a_s440h380,39,594.0,615.0,1209.0,FAIL,1
2026-09-30T14:41:34,campaign_20260930_144134,7,2stage,2,10,1,496-440-400-380-340-180-140,a_s440h380,40,940.0,921.0,1861.0,pass,4
2026-09-30T14:41:34,campaign_20260930_144134,7,2stage,2,10,1,496-440-400-380-340-180-140,a_s440h380,41,938.0,921.0,1859.0,pass,4
2026-09-30T14:41:34,campaign_20260930_144134,7,2stage,2,10,1,496-440-400-380-340-180-140,a_s440h380,42,619.0,621.0,1240.0,FAIL,1
2026-09-30T14:41:34,campaign_20260930_144134,7,2stage,2,10,1,496-440-400-380-340-180-140,a_s440h380,43,921.0,940.0,1861.0,pass,6
2026-09-30T14:41:34,campaign_20260930_144134,7,2stage,2,10,1,496-440-400-380-340-180-140,a_s440h380,44,638.0,723.0,1361.0,FAIL,2
2026-09-30T14:41:34,campaign_20260930_144134,7,2stage,2,10,1,496-440-400-380-340-180-140,a_s440h380,45,665.0,684.0,1349.0,FAIL,2
2026-09-30T14:41:34,campaign_20260930_144134,7,2stage,2,10,1,496-440-400-380-340-180-140,a_s440h380,46,648.0,660.0,1308.0,FAIL,2
2026-09-30T14:41:34,campaign_20260930_144134,7,2stage,2,10,1,496-440-400-380-340-180-140,a_s440h380,47,920.0,939.0,1859.0,pass,6
2026-09-30T14:41:34,campaign_20260930_144134,7,2stage,2,10,1,496-440-400-380-340-180-140,a_s440h380,48,940.0,921.0,1861.0,pass,5
2026-09-30T14:41:34,campaign_20260930_144134,7,2stage,2,10,1,496-440-400-380-340-180-140,a_s440h380,49,940.0,921.0,1861.0,pass,5
2026-09-30T14:41:34,campaign_20260930_144134,7,2stage,2,10,1,496-440-400-380-340-180-140,a_s440h380,50,506.0,708.0,1214.0,FAIL,1
